Surface reelle bati,Nombre pieces principales,Type local,Nombre de lots,Valeur fonciere,No voie,Type de voie,Voie,Code postal,Commune,prix_m2,adresse_complete,latitude,longitude
92.0,4.0,Appartement,1,"367000,00",2.0,RUE,DU PALAIS RIHOUR,59800.0,LILLE,3989.1304347826085,"2 RUE DU PALAIS RIHOUR, 59800 LILLE",50.6351424,3.0616589
70.0,4.0,Appartement,2,"170000,00",28.0,RUE,DU BUISSON,59800.0,LILLE,2428.5714285714284,"28 RUE DU BUISSON, 59800 LILLE",,
105.0,4.0,Appartement,2,"355300,00",31.0,AV,DU PRESIDENT KENNEDY,59800.0,LILLE,3383.809523809524,"31 AV DU PRESIDENT KENNEDY, 59800 LILLE",50.6436645,3.1084143
120.0,4.0,Appartement,1,"472500,00",21.0,RUE,NICOLAS LEBLANC,59000.0,LILLE,3937.5,"21 RUE NICOLAS LEBLANC, 59000 LILLE",50.6295023,3.0614455
71.0,4.0,Appartement,1,"229900,00",250.0,RUE,MADELEINE REBERIOUX,59000.0,LILLE,3238.0281690140846,"250 RUE MADELEINE REBERIOUX, 59000 LILLE",50.6267445,3.0801349
76.0,4.0,Appartement,2,"205000,00",53.0,RUE,BONTE POLLET,59000.0,LILLE,2697.3684210526317,"53 RUE BONTE POLLET, 59000 LILLE",,
91.0,4.0,Appartement,1,"212770,00",601.0,RUE,DE L ASIE,59000.0,LILLE,2338.131868131868,"601 RUE DE L ASIE, 59000 LILLE",50.6040513,3.0526141
146.0,4.0,Appartement,1,"558000,00",8.0,RUE,ALPHONSE MERCIER,59800.0,LILLE,3821.917808219178,"8 RUE ALPHONSE MERCIER, 59800 LILLE",50.6317121,3.0513532
84.0,4.0,Appartement,1,"225000,00",579.0,AV,DU PRESIDENT HOOVER,59800.0,LILLE,2678.5714285714284,"579 AV DU PRESIDENT HOOVER, 59800 LILLE",,
100.0,4.0,Appartement,1,"389200,00",3.0,RUE,DESCHODT,59800.0,LILLE,3892.0,"3 RUE DESCHODT, 59800 LILLE",50.62556,3.044684
85.0,4.0,Appartement,1,"368587,00",84.0,RUE,BOUCHER DE PERTHES,59800.0,LILLE,4336.317647058823,"84 RUE BOUCHER DE PERTHES, 59800 LILLE",50.6331476,3.0544595
116.0,4.0,Appartement,0,"170000,00",35.0,RUE,VANTROYEN,59800.0,LILLE,1465.5172413793102,"35 RUE VANTROYEN, 59800 LILLE",50.6383345,3.0843319
71.0,4.0,Appartement,1,"160000,00",57.0,RUE,VICTOR HUGO LOMME,59160.0,LILLE,2253.521126760563,"57 RUE VICTOR HUGO LOMME, 59160 LILLE",,
88.0,4.0,Appartement,2,"295000,00",32.0,RUE,RATISBONNE,59800.0,LILLE,3352.2727272727275,"32 RUE RATISBONNE, 59800 LILLE",50.6300107,3.0542277
71.0,4.0,Appartement,2,"242000,00",25.0,AV,DU PRESIDENT KENNEDY,59800.0,LILLE,3408.450704225352,"25 AV DU PRESIDENT KENNEDY, 59800 LILLE",,
116.0,4.0,Appartement,1,"491780,00",43.0,RUE,HENRI KOLB,59000.0,LILLE,4239.482758620689,"43 RUE HENRI KOLB, 59000 LILLE",50.6282026,3.0562168
94.0,4.0,Appartement,1,"420000,00",122.0,RUE,DE LA LOUVIERE,59800.0,LILLE,4468.085106382979,"122 RUE DE LA LOUVIERE, 59800 LILLE",,
100.0,4.0,Appartement,1,"302500,00",3.0,RUE,JEAN WALTER,59000.0,LILLE,3025.0,"3 RUE JEAN WALTER, 59000 LILLE",50.6124048,3.0390076
110.0,4.0,Appartement,2,"344000,00",15.0,BD,BIGO DANEL,59000.0,LILLE,3127.2727272727275,"15 BD BIGO DANEL, 59000 LILLE",50.6272865,3.0416378
65.0,4.0,Appartement,2,"185000,00",11.0,RUE,HENRI DUNANT,59000.0,LILLE,2846.153846153846,"11 RUE HENRI DUNANT, 59000 LILLE",,
170.0,4.0,Appartement,0,"520000,00",1.0,RUE,D HAZEBROUCK,59800.0,LILLE,3058.823529411765,"1 RUE D HAZEBROUCK, 59800 LILLE",50.6294576,3.0674732
130.0,4.0,Appartement,2,"369000,00",128.0,BD,VAUBAN,59800.0,LILLE,2838.4615384615386,"128 BD VAUBAN, 59800 LILLE",,
86.0,4.0,Appartement,2,"350000,00",5.0,RUE,DE DENAIN,59800.0,LILLE,4069.767441860465,"5 RUE DE DENAIN, 59800 LILLE",50.6294898,3.0676639
109.0,4.0,Appartement,2,"600000,00",94.0,RUE,ALPHONSE MERCIER,59800.0,LILLE,5504.587155963302,"94 RUE ALPHONSE MERCIER, 59800 LILLE",50.6293816,3.0536774
85.0,4.0,Appartement,2,"265000,00",92.0,RUE,DES STATIONS,59800.0,LILLE,3117.6470588235293,"92 RUE DES STATIONS, 59800 LILLE",50.6275235,3.0437357
120.0,4.0,Appartement,2,"405000,00",8.0,AV,DE MORMAL,59800.0,LILLE,3375.0,"8 AV DE MORMAL, 59800 LILLE",50.6523838,3.0871605
92.0,4.0,Appartement,1,"509500,00",19.0,RUE,DU LIEUTENANT COLPIN,59800.0,LILLE,5538.04347826087,"19 RUE DU LIEUTENANT COLPIN, 59800 LILLE",50.6423566,3.0545109
123.0,4.0,Appartement,2,"390000,00",9.0,SQ,DUTILLEUL,59800.0,LILLE,3170.731707317073,"9 SQ DUTILLEUL, 59800 LILLE",50.6362944,3.0553811
88.0,4.0,Appartement,2,"278000,00",6.0,RUE,VICTOR SCHOELCHER,59160.0,LILLE,3159.090909090909,"6 RUE VICTOR SCHOELCHER, 59160 LILLE",50.6330538,3.0128872
65.0,4.0,Appartement,2,"140440,00",575.0,AV,DE DUNKERQUE LOMME,59160.0,LILLE,2160.6153846153848,"575 AV DE DUNKERQUE LOMME, 59160 LILLE",,
99.0,4.0,Appartement,2,"345000,00",3.0,BD,MONTEBELLO,59000.0,LILLE,3484.848484848485,"3 BD MONTEBELLO, 59000 LILLE",50.6258621,3.0410207
95.0,4.0,Appartement,1,"1125000,00",74.0,RUE,NATIONALE,59800.0,LILLE,11842.105263157895,"74 RUE NATIONALE, 59800 LILLE",50.6361225,3.0601526
81.0,4.0,Appartement,1,"227500,00",100.0,PASS,DES ALOUETTES,59000.0,LILLE,2808.641975308642,"100 PASS DES ALOUETTES, 59000 LILLE",50.6221022,3.0807308
53.0,4.0,Appartement,0,"1470000,00",113.0,RUE,LEON GAMBETTA,59000.0,LILLE,27735.849056603773,"113 RUE LEON GAMBETTA, 59000 LILLE",50.6300407,3.056323
78.0,4.0,Appartement,2,"220000,00",10.0,RUE,CESAR FRANCK,59800.0,LILLE,2820.5128205128203,"10 RUE CESAR FRANCK, 59800 LILLE",50.6402299,3.0956484
89.0,4.0,Appartement,1,"285000,00",31.0,ALL,LUCIE ET RAYMOND AUBRAC,59000.0,LILLE,3202.247191011236,"31 ALL LUCIE ET RAYMOND AUBRAC, 59000 LILLE",50.6315352,3.0245967
83.0,4.0,Appartement,2,"220000,00",139.0,RUE,DU BUISSON,59800.0,LILLE,2650.602409638554,"139 RUE DU BUISSON, 59800 LILLE",,
128.0,4.0,Appartement,2,"310000,00",630.0,AV,DE LA REPUBLIQUE,59800.0,LILLE,2421.875,"630 AV DE LA REPUBLIQUE, 59800 LILLE",50.6540891,3.0853826
65.0,4.0,Appartement,2,"120000,00",571.0,AV,DE DUNKERQUE LOMME,59160.0,LILLE,1846.1538461538462,"571 AV DE DUNKERQUE LOMME, 59160 LILLE",50.6468636,3.0021944
160.0,4.0,Appartement,1,"1500000,00",17.0,SQ,DUTILLEUL,59800.0,LILLE,9375.0,"17 SQ DUTILLEUL, 59800 LILLE",50.6365981,3.0548967
84.0,4.0,Appartement,1,"240000,00",60.0,RUE,ANATOLE FRANCE LOMME,59160.0,LILLE,2857.1428571428573,"60 RUE ANATOLE FRANCE LOMME, 59160 LILLE",,
98.0,4.0,Appartement,1,"290800,00",46.0,PASS,DES ALOUETTES,59000.0,LILLE,2967.3469387755104,"46 PASS DES ALOUETTES, 59000 LILLE",50.622038,3.0800566
128.0,4.0,Appartement,2,"295000,00",630.0,AV,DE LA REPUBLIQUE,59800.0,LILLE,2304.6875,"630 AV DE LA REPUBLIQUE, 59800 LILLE",,
80.0,4.0,Appartement,1,"300000,00",26.0,RUE,NECKER,59800.0,LILLE,3750.0,"26 RUE NECKER, 59800 LILLE",50.6351353,3.0994985
78.0,4.0,Appartement,1,"195510,00",57.0,RUE,DE L EPINETTE,59000.0,LILLE,2506.5384615384614,"57 RUE DE L EPINETTE, 59000 LILLE",,
75.0,4.0,Appartement,1,"307500,00",11.0,RUE,DES POSTES,59000.0,LILLE,4100.0,"11 RUE DES POSTES, 59000 LILLE",50.6280096,3.058004
90.0,4.0,Appartement,2,"400000,00",115.0,RUE,DU MOLINEL,59800.0,LILLE,4444.444444444444,"115 RUE DU MOLINEL, 59800 LILLE",50.6331681,3.0654009
88.0,4.0,Appartement,1,"266570,00",18.0,RUE,COLBERT,59800.0,LILLE,3029.2045454545455,"18 RUE COLBERT, 59800 LILLE",,
96.0,4.0,Appartement,2,"225000,00",20.0,RUE,DES FRERES VAILLANT,59800.0,LILLE,2343.75,"20 RUE DES FRERES VAILLANT, 59800 LILLE",50.6280949,3.0444974
65.0,4.0,Appartement,0,"600000,00",19.0,RUE,MICHEL ANGE,59000.0,LILLE,9230.76923076923,"19 RUE MICHEL ANGE, 59000 LILLE",50.6121385,3.070637
65.0,4.0,Appartement,0,"600000,00",19.0,RUE,MICHEL ANGE,59000.0,LILLE,9230.76923076923,"19 RUE MICHEL ANGE, 59000 LILLE",50.6121385,3.070637
65.0,4.0,Appartement,0,"600000,00",19.0,RUE,MICHEL ANGE,59000.0,LILLE,9230.76923076923,"19 RUE MICHEL ANGE, 59000 LILLE",50.6121385,3.070637
65.0,4.0,Appartement,0,"600000,00",19.0,RUE,MICHEL ANGE,59000.0,LILLE,9230.76923076923,"19 RUE MICHEL ANGE, 59000 LILLE",50.6121385,3.070637
84.0,4.0,Appartement,1,"205500,00",53.0,RUE,ROGER SALENGRO,59260.0,LILLE,2446.4285714285716,"53 RUE ROGER SALENGRO, 59260 LILLE",,
81.0,4.0,Appartement,2,"169000,00",7.0,RUE,LADRIERE,59000.0,LILLE,2086.41975308642,"7 RUE LADRIERE, 59000 LILLE",50.6350146,3.0323246
81.0,4.0,Appartement,1,"181000,00",30.0,AV,DES SAULES,59160.0,LILLE,2234.567901234568,"30 AV DES SAULES, 59160 LILLE",,
79.0,4.0,Appartement,2,"361600,00",72.0,,FACADE DE L ESPLANADE,59800.0,LILLE,4577.215189873417,"72 RUE FACADE DE L ESPLANADE, 59800 LILLE",,
82.0,4.0,Appartement,1,"300000,00",9.0,RUE,BRULE MAISON,59000.0,LILLE,3658.5365853658536,"9 RUE BRULE MAISON, 59000 LILLE",50.6260908,3.0570207
124.0,4.0,Appartement,3,"469240,00",110.0,BD,DE LA LIBERTE,59800.0,LILLE,3784.1935483870966,"110 BD DE LA LIBERTE, 59800 LILLE",,
104.0,4.0,Appartement,2,"362600,00",677.0,AV,DE LA REPUBLIQUE,59800.0,LILLE,3486.5384615384614,"677 AV DE LA REPUBLIQUE, 59800 LILLE",50.656089,3.0871898
68.0,4.0,Appartement,2,"187000,00",5.0,RUE,ALLARD DUGAUQUIER,59800.0,LILLE,2750.0,"5 RUE ALLARD DUGAUQUIER, 59800 LILLE",50.6385024,3.0877322
79.0,4.0,Appartement,2,"140000,00",122.0,RUE,ROGER SALENGRO,59260.0,LILLE,1772.1518987341772,"122 RUE ROGER SALENGRO, 59260 LILLE",50.6281398,3.1058453
72.0,4.0,Appartement,0,"30000,00",24.0,RUE,VIRGINIE GHESQUIERE,59000.0,LILLE,416.6666666666667,"24 RUE VIRGINIE GHESQUIERE, 59000 LILLE",50.6241551,3.0406698
72.0,4.0,Appartement,0,"30000,00",24.0,RUE,VIRGINIE GHESQUIERE,59000.0,LILLE,416.6666666666667,"24 RUE VIRGINIE GHESQUIERE, 59000 LILLE",50.6241551,3.0406698
78.0,4.0,Appartement,1,"202300,00",53.0,RUE,ROGER SALENGRO,59260.0,LILLE,2593.5897435897436,"53 RUE ROGER SALENGRO, 59260 LILLE",50.6356779,3.100953
77.0,4.0,Appartement,2,"189000,00",280.0,RUE,PIERRE LEGRAND,59800.0,LILLE,2454.5454545454545,"280 RUE PIERRE LEGRAND, 59800 LILLE",,
65.0,4.0,Appartement,2,"95000,00",577.0,AV,DE DUNKERQUE LOMME,59160.0,LILLE,1461.5384615384614,"577 AV DE DUNKERQUE LOMME, 59160 LILLE",50.6467718,3.0014209
71.0,4.0,Appartement,2,"226000,00",13.0,AV,DU PRESIDENT KENNEDY,59800.0,LILLE,3183.0985915492956,"13 AV DU PRESIDENT KENNEDY, 59800 LILLE",,
94.0,4.0,Appartement,2,"355000,00",5.0,RUE,CAROLUS,59000.0,LILLE,3776.595744680851,"5 RUE CAROLUS, 59000 LILLE",,
130.0,4.0,Appartement,0,"1200000,00",84.0,RUE,DE CAMBRAI,59000.0,LILLE,9230.76923076923,"84 RUE DE CAMBRAI, 59000 LILLE",50.6240597,3.0737609
79.0,4.0,Appartement,1,"275000,00",46.0,ALL,GEORGE SAND,59000.0,LILLE,3481.012658227848,"46 ALL GEORGE SAND, 59000 LILLE",,
86.0,4.0,Appartement,1,"220000,00",44.0,RUE,DE MAUBEUGE,59000.0,LILLE,2558.139534883721,"44 RUE DE MAUBEUGE, 59000 LILLE",50.6230442,3.0714709
144.0,4.0,Appartement,2,"447000,00",233.0,RUE,LEON GAMBETTA,59000.0,LILLE,3104.1666666666665,"233 RUE LEON GAMBETTA, 59000 LILLE",,
76.0,4.0,Appartement,2,"615000,00",9.0,RUE,JEANNE D ARC,59000.0,LILLE,8092.105263157895,"9 RUE JEANNE D ARC, 59000 LILLE",50.6292358,3.064906
73.0,4.0,Appartement,0,"810000,00",12.0,RUE,D ARTOIS,59000.0,LILLE,11095.890410958904,"12 RUE D ARTOIS, 59000 LILLE",50.6257133,3.0611741
95.0,4.0,Appartement,2,"250000,00",661.0,AV,DE LA REPUBLIQUE,59800.0,LILLE,2631.5789473684213,"661 AV DE LA REPUBLIQUE, 59800 LILLE",50.6555673,3.0865336
95.0,4.0,Appartement,1,"53000,00",2.0,RUE,EDOUARD DELESALLE,59800.0,LILLE,557.8947368421053,"2 RUE EDOUARD DELESALLE, 59800 LILLE",50.6333659,3.0665442
110.0,4.0,Appartement,1,"285000,00",169.0,RUE,PIERRE MAUROY,59800.0,LILLE,2590.909090909091,"169 RUE PIERRE MAUROY, 59800 LILLE",50.6328833,3.0681912
215.0,4.0,Appartement,2,"1207100,00",24.0,,FACADE DE L ESPLANADE,59800.0,LILLE,5614.418604651163,"24 RUE FACADE DE L ESPLANADE, 59800 LILLE",,
99.0,4.0,Appartement,2,"255000,00",3.0,BD,MONTEBELLO,59000.0,LILLE,2575.757575757576,"3 BD MONTEBELLO, 59000 LILLE",50.6258621,3.0410207
66.0,4.0,Appartement,1,"186500,00",4.0,RUE,PAUL LAFARGUE,59000.0,LILLE,2825.757575757576,"4 RUE PAUL LAFARGUE, 59000 LILLE",50.6096367,3.0655283
99.0,4.0,Appartement,2,"345300,00",124.0,RUE,DES POSTES,59000.0,LILLE,3487.878787878788,"124 RUE DES POSTES, 59000 LILLE",50.6243094,3.0547554
63.0,4.0,Appartement,2,"246000,00",114.0,RUE,ROYALE,59800.0,LILLE,3904.7619047619046,"114 RUE ROYALE, 59800 LILLE",50.6443192,3.0548912
136.0,4.0,Appartement,1,"410000,00",39.0,RUE,DU SABOT,59800.0,LILLE,3014.705882352941,"39 RUE DU SABOT, 59800 LILLE",50.6320591,3.0402625
78.0,4.0,Appartement,1,"147000,00",12.0,RUE,GOSSELIN,59800.0,LILLE,1884.6153846153845,"12 RUE GOSSELIN, 59800 LILLE",50.6340354,3.0995025
139.0,4.0,Appartement,0,"581450,00",23.0,RUE,FREDERIC MOTTEZ,59800.0,LILLE,4183.093525179856,"23 RUE FREDERIC MOTTEZ, 59800 LILLE",50.6297162,3.0731706
89.0,4.0,Appartement,2,"237000,00",166.0,RUE,DE LA MARBRERIE,59800.0,LILLE,2662.921348314607,"166 RUE DE LA MARBRERIE, 59800 LILLE",,
87.0,4.0,Appartement,1,"309500,00",15.0,BD,JEAN BAPTISTE LEBAS,59000.0,LILLE,3557.4712643678163,"15 BD JEAN BAPTISTE LEBAS, 59000 LILLE",50.6275033,3.0697838
75.0,4.0,Appartement,0,"500000,00",34.0,RUE,D AUSTERLITZ,59000.0,LILLE,6666.666666666667,"34 RUE D AUSTERLITZ, 59000 LILLE",50.6230044,3.0487192
121.0,4.0,Appartement,1,"521300,00",39.0,RUE,DES PONTS DE COMINES,59800.0,LILLE,4308.264462809917,"39 RUE DES PONTS DE COMINES, 59800 LILLE",50.6375342,3.0679654
65.0,4.0,Appartement,2,"119000,00",595.0,AV,DE DUNKERQUE LOMME,59160.0,LILLE,1830.7692307692307,"595 AV DE DUNKERQUE LOMME, 59160 LILLE",50.6472027,3.0030003
83.0,4.0,Appartement,1,"245000,00",41.0,RUE,PASCAL,59800.0,LILLE,2951.8072289156626,"41 RUE PASCAL, 59800 LILLE",50.6395067,3.083942
187.0,4.0,Appartement,2,"1171000,00",57.0,PL,RIHOUR,59800.0,LILLE,6262.032085561497,"57 PL RIHOUR, 59800 LILLE",50.6350826,3.0629459
70.0,4.0,Appartement,1,"215000,00",250.0,RUE,MADELEINE REBERIOUX,59000.0,LILLE,3071.4285714285716,"250 RUE MADELEINE REBERIOUX, 59000 LILLE",50.6267445,3.0801349
81.0,4.0,Appartement,2,"299000,00",11.0,RUE,DEGLAND,59000.0,LILLE,3691.358024691358,"11 RUE DEGLAND, 59000 LILLE",,
154.0,4.0,Appartement,4,"644940,00",16.0,BD,JEAN BAPTISTE LEBAS,59000.0,LILLE,4187.922077922078,"16 BD JEAN BAPTISTE LEBAS, 59000 LILLE",50.6273441,3.0682307
96.0,4.0,Appartement,3,"429500,00",186.0,RUE,NATIONALE,59800.0,LILLE,4473.958333333333,"186 RUE NATIONALE, 59800 LILLE",50.6325751,3.0517974
82.0,4.0,Appartement,1,"243400,00",94.0,RUE,JULES GUESDE,59000.0,LILLE,2968.2926829268295,"94 RUE JULES GUESDE, 59000 LILLE",50.6227675,3.0508648
87.0,4.0,Appartement,1,"405000,00",6.0,TSSE,SAINTE CATHERINE,59800.0,LILLE,4655.172413793103,"6 TSSE SAINTE CATHERINE, 59800 LILLE",50.6397018,3.0578044
109.0,4.0,Appartement,2,"480000,00",109.0,BD,DE LA LIBERTE,59800.0,LILLE,4403.6697247706425,"109 BD DE LA LIBERTE, 59800 LILLE",,
90.0,4.0,Appartement,1,"290000,00",58.0,RUE,JEAN BART HELLEMMES,59260.0,LILLE,3222.222222222222,"58 RUE JEAN BART HELLEMMES, 59260 LILLE",50.6272575,3.104851
101.0,4.0,Appartement,2,"465500,00",112.0,RUE,DE LA BARRE,59800.0,LILLE,4608.910891089109,"112 RUE DE LA BARRE, 59800 LILLE",,
117.0,4.0,Appartement,2,"316500,00",30.0,AV,EMILE ZOLA,59800.0,LILLE,2705.128205128205,"30 AV EMILE ZOLA, 59800 LILLE",50.6499374,3.0847411
78.0,4.0,Appartement,1,"169270,00",51.0,RUE,DE DOUAI,59000.0,LILLE,2170.128205128205,"51 RUE DE DOUAI, 59000 LILLE",50.6229808,3.0706753
80.0,4.0,Appartement,1,"233500,00",50.0,RUE,LOUIS SPRIET,59000.0,LILLE,2918.75,"50 RUE LOUIS SPRIET, 59000 LILLE",50.6110283,3.072306
89.0,4.0,Appartement,2,"224000,00",28.0,RUE,DU BUISSON,59800.0,LILLE,2516.85393258427,"28 RUE DU BUISSON, 59800 LILLE",,
128.0,4.0,Appartement,2,"315000,00",630.0,AV,DE LA REPUBLIQUE,59800.0,LILLE,2460.9375,"630 AV DE LA REPUBLIQUE, 59800 LILLE",50.6540891,3.0853826
129.0,4.0,Appartement,2,"530000,00",3.0,RUE,SCHEPERS,59800.0,LILLE,4108.527131782946,"3 RUE SCHEPERS, 59800 LILLE",50.6363248,3.0668131
139.0,4.0,Appartement,2,"335100,00",660.0,AV,DE LA REPUBLIQUE,59800.0,LILLE,2410.7913669064747,"660 AV DE LA REPUBLIQUE, 59800 LILLE",,
71.0,4.0,Appartement,2,"196000,00",25.0,RUE,EMILE DESMET,59800.0,LILLE,2760.56338028169,"25 RUE EMILE DESMET, 59800 LILLE",50.626596,3.0446886
68.0,4.0,Appartement,1,"206050,00",151.0,BD,MONTEBELLO,59000.0,LILLE,3030.1470588235293,"151 BD MONTEBELLO, 59000 LILLE",50.619023,3.0495051
120.0,4.0,Appartement,1,"345000,00",44.0,RUE,DE VALENCIENNES,59000.0,LILLE,2875.0,"44 RUE DE VALENCIENNES, 59000 LILLE",50.6230458,3.0747977
78.0,4.0,Appartement,1,"175000,00",66.0,RUE,BAYARD,59000.0,LILLE,2243.5897435897436,"66 RUE BAYARD, 59000 LILLE",50.6189422,3.0541706
99.0,4.0,Appartement,1,"397000,00",6.0,RUE,DU PALAIS RIHOUR,59800.0,LILLE,4010.10101010101,"6 RUE DU PALAIS RIHOUR, 59800 LILLE",50.6351045,3.0615988
74.0,4.0,Appartement,2,"285000,00",175.0,RUE,DE SOLFERINO,59000.0,LILLE,3851.3513513513512,"175 RUE DE SOLFERINO, 59000 LILLE",,
109.0,4.0,Appartement,0,"2300000,00",10.0,RUE,FAIDHERBE,59800.0,LILLE,21100.91743119266,"10 RUE FAIDHERBE, 59800 LILLE",50.6369573,3.065725
76.0,4.0,Appartement,1,"258000,00",55.0,BD,DE VERDUN,59000.0,LILLE,3394.7368421052633,"55 BD DE VERDUN, 59000 LILLE",,
100.0,4.0,Appartement,1,"338100,00",17.0,RUE,DES PONTS DE COMINES,59800.0,LILLE,3381.0,"17 RUE DES PONTS DE COMINES, 59800 LILLE",50.6366006,3.0666732
76.0,4.0,Appartement,1,"164050,00",55.0,RUE,BONTE POLLET,59000.0,LILLE,2158.5526315789475,"55 RUE BONTE POLLET, 59000 LILLE",50.6267742,3.0319785
105.0,4.0,Appartement,1,"105000,00",13.0,RUE,DELEZENNE,59000.0,LILLE,1000.0,"13 RUE DELEZENNE, 59000 LILLE",50.6229319,3.0387518
105.0,4.0,Appartement,2,"265000,00",13.0,RUE,DELEZENNE,59000.0,LILLE,2523.809523809524,"13 RUE DELEZENNE, 59000 LILLE",50.6229319,3.0387518
83.0,4.0,Appartement,2,"203000,00",27.0,RUE,JEAN JAURES HELLEMMES,59260.0,LILLE,2445.7831325301204,"27 RUE JEAN JAURES HELLEMMES, 59260 LILLE",,
78.0,4.0,Appartement,0,"370000,00",819.0,AV,DE DUNKERQUE LOMME,59160.0,LILLE,4743.589743589743,"819 AV DE DUNKERQUE LOMME, 59160 LILLE",50.6453194,2.9845629
80.0,4.0,Appartement,2,"345000,00",53.0,RUE,DU PORT,59800.0,LILLE,4312.5,"53 RUE DU PORT, 59800 LILLE",,
94.0,4.0,Appartement,1,"324500,00",248.0,RUE,DU PONT A FOURCHON,59000.0,LILLE,3452.127659574468,"248 RUE DU PONT A FOURCHON, 59000 LILLE",50.6305929,3.0228807
84.0,4.0,Appartement,1,"323000,00",67.0,AV,DU PEUPLE BELGE,59800.0,LILLE,3845.2380952380954,"67 AV DU PEUPLE BELGE, 59800 LILLE",50.6464198,3.0610878
79.0,4.0,Appartement,2,"332000,00",4.0,RUE,SAINT SEBASTIEN,59800.0,LILLE,4202.53164556962,"4 RUE SAINT SEBASTIEN, 59800 LILLE",50.6463879,3.0562045
96.0,4.0,Appartement,2,"467000,00",229.0,BD,DE LA LIBERTE,59800.0,LILLE,4864.583333333333,"229 BD DE LA LIBERTE, 59800 LILLE",,
114.0,4.0,Appartement,2,"270000,00",50.0,RUE,DU MARAIS DE LOMME,59000.0,LILLE,2368.4210526315787,"50 RUE DU MARAIS DE LOMME, 59000 LILLE",50.6366974,3.0216789
74.0,4.0,Appartement,1,"231650,00",242.0,RUE,DU FBG DE ROUBAIX,59800.0,LILLE,3130.4054054054054,"242 RUE DU FBG DE ROUBAIX, 59800 LILLE",,
113.0,4.0,Appartement,1,"462000,00",27.0,RUE,DE LA PLEIADE,59160.0,LILLE,4088.495575221239,"27 RUE DE LA PLEIADE, 59160 LILLE",50.6426107,2.9775019
86.0,4.0,Appartement,2,"385000,00",16.0,PL,SEBASTOPOL,59000.0,LILLE,4476.7441860465115,"16 PL SEBASTOPOL, 59000 LILLE",,
111.0,4.0,Appartement,1,"451000,00",27.0,RUE,DE LA PLEIADE,59160.0,LILLE,4063.063063063063,"27 RUE DE LA PLEIADE, 59160 LILLE",50.6426107,2.9775019
82.0,4.0,Appartement,1,"253000,00",81.0,PASS,DES ALOUETTES,59000.0,LILLE,3085.3658536585367,"81 PASS DES ALOUETTES, 59000 LILLE",50.621461,3.0809966
80.0,4.0,Appartement,1,"208900,00",53.0,RUE,ROGER SALENGRO,59260.0,LILLE,2611.25,"53 RUE ROGER SALENGRO, 59260 LILLE",,
84.0,4.0,Appartement,1,"442100,00",2.0,RUE,DE LA TRANQUILLITE,59800.0,LILLE,5263.0952380952385,"2 RUE DE LA TRANQUILLITE, 59800 LILLE",50.6267193,3.0463628
82.0,4.0,Appartement,2,"198000,00",41.0,RUE,LAMARTINE,59000.0,LILLE,2414.6341463414633,"41 RUE LAMARTINE, 59000 LILLE",50.6202586,3.0638731
73.0,4.0,Appartement,1,"185400,00",9001.0,RES,DES PEUPLIERS,59160.0,LILLE,2539.72602739726,"9001 RES DES PEUPLIERS, 59160 LILLE",,
68.0,4.0,Appartement,1,"325000,00",2.0,RUE,HEGEL LOMME,59160.0,LILLE,4779.411764705882,"2 RUE HEGEL LOMME, 59160 LILLE",50.6307396,3.0208139
58.0,4.0,Appartement,2,"176000,00",8.0,RUE,DE BAPAUME,59000.0,LILLE,3034.4827586206898,"8 RUE DE BAPAUME, 59000 LILLE",50.6200464,3.0568971
81.0,4.0,Appartement,1,"383500,00",5.0,RUE,A FIENS,59800.0,LILLE,4734.567901234568,"5 RUE A FIENS, 59800 LILLE",50.637858,3.0684656
76.0,4.0,Appartement,2,"252450,00",55.0,RUE,BONTE POLLET,59000.0,LILLE,3321.7105263157896,"55 RUE BONTE POLLET, 59000 LILLE",50.6267742,3.0319785
189.0,4.0,Appartement,1,"1226400,00",55.0,RUE,SAINT SEBASTIEN,59800.0,LILLE,6488.888888888889,"55 RUE SAINT SEBASTIEN, 59800 LILLE",50.6467606,3.0570744
83.0,4.0,Appartement,1,"395000,00",6.0,TSSE,SAINTE CATHERINE,59800.0,LILLE,4759.036144578313,"6 TSSE SAINTE CATHERINE, 59800 LILLE",50.6397018,3.0578044
83.0,4.0,Appartement,1,"270000,00",120.0,AV,DENIS CORDONNIER,59000.0,LILLE,3253.012048192771,"120 AV DENIS CORDONNIER, 59000 LILLE",50.623847,3.0820524
97.0,4.0,Appartement,1,"437500,00",36.0,RUE,RATISBONNE,59800.0,LILLE,4510.309278350515,"36 RUE RATISBONNE, 59800 LILLE",,
135.0,4.0,Appartement,1,"604800,00",2.0,RUE,SAINT FIRMIN,59800.0,LILLE,4480.0,"2 RUE SAINT FIRMIN, 59800 LILLE",50.6412145,3.0833412
84.0,4.0,Appartement,1,"403650,00",28.0,RUE,DU METZ,59800.0,LILLE,4805.357142857143,"28 RUE DU METZ, 59800 LILLE",50.6456733,3.0595567
63.0,4.0,Appartement,2,"153000,00",65.0,RUE,DE L EPINETTE,59000.0,LILLE,2428.5714285714284,"65 RUE DE L EPINETTE, 59000 LILLE",50.6155626,3.0259344
60.0,4.0,Appartement,1,"215000,00",84.0,RUE,DE MARQUILLIES,59000.0,LILLE,3583.3333333333335,"84 RUE DE MARQUILLIES, 59000 LILLE",50.6147386,3.0532847
83.0,4.0,Appartement,2,"270000,00",139.0,RUE,DU BUISSON,59800.0,LILLE,3253.012048192771,"139 RUE DU BUISSON, 59800 LILLE",,
69.0,4.0,Appartement,2,"170000,00",28.0,RUE,DU BUISSON,59800.0,LILLE,2463.768115942029,"28 RUE DU BUISSON, 59800 LILLE",50.6494173,3.0870997
71.0,4.0,Appartement,2,"140000,00",2.0,ALL,ALBERT SAMAIN,59260.0,LILLE,1971.8309859154929,"2 ALL ALBERT SAMAIN, 59260 LILLE",50.6262267,3.1050666
95.0,4.0,Appartement,2,"593000,00",6.0,PL,DU LION D OR,59800.0,LILLE,6242.105263157895,"6 PL DU LION D OR, 59800 LILLE",,
78.0,4.0,Appartement,0,"850000,00",26.0,RUE,MASSENA,59800.0,LILLE,10897.435897435897,"26 RUE MASSENA, 59800 LILLE",50.6328843,3.0549053
95.0,4.0,Appartement,1,"400000,00",2.0,RUE,EDOUARD DELESALLE,59800.0,LILLE,4210.526315789473,"2 RUE EDOUARD DELESALLE, 59800 LILLE",50.6333659,3.0665442
80.0,4.0,Appartement,1,"325000,00",4.0,RUE,DU CHEVALIER FRANCAIS,59800.0,LILLE,4062.5,"4 RUE DU CHEVALIER FRANCAIS, 59800 LILLE",,
80.0,4.0,Appartement,1,"236225,00",57.0,RUE,DE L EPINETTE,59000.0,LILLE,2952.8125,"57 RUE DE L EPINETTE, 59000 LILLE",50.6140989,3.0277002
83.0,4.0,Appartement,1,"123750,00",81.0,RUE,DE RIVOLI,59800.0,LILLE,1490.9638554216867,"81 RUE DE RIVOLI, 59800 LILLE",50.6362255,3.0921467
87.0,4.0,Appartement,1,"173250,00",66.0,RUE,BAYARD,59000.0,LILLE,1991.3793103448277,"66 RUE BAYARD, 59000 LILLE",50.6189422,3.0541706
54.0,4.0,Appartement,2,"272670,00",13.0,RUE,VIRGINIE GHESQUIERE,59000.0,LILLE,5049.444444444444,"13 RUE VIRGINIE GHESQUIERE, 59000 LILLE",50.623591,3.0411685
82.0,4.0,Appartement,2,"360000,00",16.0,RUE,DE BOULOGNE,59800.0,LILLE,4390.243902439024,"16 RUE DE BOULOGNE, 59800 LILLE",,
78.0,4.0,Appartement,1,"181450,00",519.0,AV,DE DUNKERQUE LOMME,59160.0,LILLE,2326.2820512820513,"519 AV DE DUNKERQUE LOMME, 59160 LILLE",50.6469508,3.0049139
65.0,4.0,Appartement,2,"141500,00",583.0,AV,DE DUNKERQUE LOMME,59160.0,LILLE,2176.923076923077,"583 AV DE DUNKERQUE LOMME, 59160 LILLE",50.6466855,3.000707
78.0,4.0,Appartement,1,"169290,00",66.0,RUE,BAYARD,59000.0,LILLE,2170.3846153846152,"66 RUE BAYARD, 59000 LILLE",50.6189422,3.0541706
65.0,4.0,Appartement,1,"120000,00",12.0,RUE,MAURICE BERTEAUX,59260.0,LILLE,1846.1538461538462,"12 RUE MAURICE BERTEAUX, 59260 LILLE",50.6237607,3.1002374
65.0,4.0,Appartement,1,"120000,00",12.0,RUE,MAURICE BERTEAUX,59260.0,LILLE,1846.1538461538462,"12 RUE MAURICE BERTEAUX, 59260 LILLE",50.6237607,3.1002374
86.0,4.0,Appartement,2,"269000,00",2.0,RUE,DE L ORPHELINAT,59000.0,LILLE,3127.906976744186,"2 RUE DE L ORPHELINAT, 59000 LILLE",,
78.0,4.0,Appartement,0,"3450000,00",66.0,RUE,LEON GAMBETTA,59000.0,LILLE,44230.769230769234,"66 RUE LEON GAMBETTA, 59000 LILLE",50.6307781,3.0577205
97.0,4.0,Appartement,0,"3450000,00",68.0,RUE,LEON GAMBETTA,59000.0,LILLE,35567.010309278354,"68 RUE LEON GAMBETTA, 59000 LILLE",50.6307393,3.0576254
97.0,4.0,Appartement,0,"3450000,00",68.0,RUE,LEON GAMBETTA,59000.0,LILLE,35567.010309278354,"68 RUE LEON GAMBETTA, 59000 LILLE",50.6307393,3.0576254
99.0,4.0,Appartement,2,"299000,00",7.0,BD,MONTEBELLO,59000.0,LILLE,3020.2020202020203,"7 BD MONTEBELLO, 59000 LILLE",50.6257202,3.0412003
82.0,4.0,Appartement,1,"297000,00",17.0,RUE,KUHLMANN,59000.0,LILLE,3621.951219512195,"17 RUE KUHLMANN, 59000 LILLE",50.6207683,3.0532125
129.0,4.0,Appartement,3,"791230,00",54.0,RUE,DE GAND,59800.0,LILLE,6133.565891472868,"54 RUE DE GAND, 59800 LILLE",,
89.0,4.0,Appartement,1,"385000,00",51.0,AV,ARCHITECTE CORDONNIER,59800.0,LILLE,4325.842696629214,"51 AV ARCHITECTE CORDONNIER, 59800 LILLE",50.6339289,3.0421114
83.0,4.0,Appartement,1,"172000,00",41.0,RUE,PASCAL,59800.0,LILLE,2072.289156626506,"41 RUE PASCAL, 59800 LILLE",50.6395067,3.083942
84.0,4.0,Appartement,1,"312000,00",852.0,AV,DE DUNKERQUE LOMME,59160.0,LILLE,3714.285714285714,"852 AV DE DUNKERQUE LOMME, 59160 LILLE",50.646187,2.9884926
87.0,4.0,Appartement,1,"170280,00",66.0,RUE,BAYARD,59000.0,LILLE,1957.2413793103449,"66 RUE BAYARD, 59000 LILLE",50.6189422,3.0541706
94.0,4.0,Appartement,1,"346750,00",7.0,PL,DU MARECHAL LECLERC,59800.0,LILLE,3688.8297872340427,"7 PL DU MARECHAL LECLERC, 59800 LILLE",,
111.0,4.0,Appartement,2,"345000,00",18.0,BD,VAUBAN,59800.0,LILLE,3108.108108108108,"18 BD VAUBAN, 59800 LILLE",50.6347022,3.0486768
79.0,4.0,Appartement,1,"326500,00",18.0,ALL,DE LA HAYE DU TEMPLE,59160.0,LILLE,4132.911392405063,"18 ALL DE LA HAYE DU TEMPLE, 59160 LILLE",,
73.0,4.0,Appartement,2,"219610,00",242.0,RUE,DU FBG DE ROUBAIX,59800.0,LILLE,3008.3561643835615,"242 RUE DU FBG DE ROUBAIX, 59800 LILLE",,
165.0,4.0,Appartement,4,"663220,00",16.0,BD,JEAN BAPTISTE LEBAS,59000.0,LILLE,4019.5151515151515,"16 BD JEAN BAPTISTE LEBAS, 59000 LILLE",50.6273441,3.0682307
85.0,4.0,Appartement,2,"197500,00",697.0,AV,DE DUNKERQUE LOMME,59160.0,LILLE,2323.529411764706,"697 AV DE DUNKERQUE LOMME, 59160 LILLE",,
85.0,4.0,Appartement,2,"251550,00",2.0,RUE,DE L ORPHELINAT,59000.0,LILLE,2959.4117647058824,"2 RUE DE L ORPHELINAT, 59000 LILLE",50.6221277,3.032695
106.0,4.0,Appartement,1,"496028,00",40.0,RUE,DU FBG DE ROUBAIX,59800.0,LILLE,4679.509433962264,"40 RUE DU FBG DE ROUBAIX, 59800 LILLE",,
99.0,4.0,Appartement,2,"161000,00",12.0,RUE,DELEPLANQUE,59000.0,LILLE,1626.2626262626263,"12 RUE DELEPLANQUE, 59000 LILLE",50.6180462,3.024366
89.0,4.0,Appartement,1,"280900,00",2.0,RUE,JOSEPH BARA,59260.0,LILLE,3156.179775280899,"2 RUE JOSEPH BARA, 59260 LILLE",,
84.0,4.0,Appartement,1,"230000,00",579.0,AV,DU PRESIDENT HOOVER,59800.0,LILLE,2738.095238095238,"579 AV DU PRESIDENT HOOVER, 59800 LILLE",50.6264671,3.0800906
89.0,4.0,Appartement,1,"230000,00",579.0,AV,DU PRESIDENT HOOVER,59800.0,LILLE,2584.2696629213483,"579 AV DU PRESIDENT HOOVER, 59800 LILLE",50.6264671,3.0800906
116.0,4.0,Appartement,1,"455000,00",3.0,PL,RICHEBE,59800.0,LILLE,3922.4137931034484,"3 PL RICHEBE, 59800 LILLE",50.6323471,3.0624596
62.0,4.0,Appartement,2,"148100,00",53.0,RUE,DES SARRAZINS,59000.0,LILLE,2388.7096774193546,"53 RUE DES SARRAZINS, 59000 LILLE",50.6247765,3.0464994
74.0,4.0,Appartement,0,"505000,00",36.0,RUE,DE PUEBLA,59800.0,LILLE,6824.324324324324,"36 RUE DE PUEBLA, 59800 LILLE",,
89.0,4.0,Appartement,1,"398800,00",2.0,RUE,DE LA TRANQUILLITE,59800.0,LILLE,4480.898876404494,"2 RUE DE LA TRANQUILLITE, 59800 LILLE",50.6267193,3.0463628
78.0,4.0,Appartement,1,"163350,00",66.0,RUE,BAYARD,59000.0,LILLE,2094.230769230769,"66 RUE BAYARD, 59000 LILLE",,
90.0,4.0,Appartement,1,"50500,00",2.0,RUE,WATTEAU,59800.0,LILLE,561.1111111111111,"2 RUE WATTEAU, 59800 LILLE",50.6299602,3.0660666
81.0,4.0,Appartement,2,"257300,00",27.0,PL,DU MARECHAL LECLERC,59800.0,LILLE,3176.543209876543,"27 PL DU MARECHAL LECLERC, 59800 LILLE",,
85.0,4.0,Appartement,1,"315000,00",12.0,RUE,GEOFFROY ST HILAIRE,59000.0,LILLE,3705.8823529411766,"12 RUE GEOFFROY ST HILAIRE, 59000 LILLE",50.6235829,3.0626816
71.0,4.0,Appartement,2,"132000,00",5.0,ALL,JULES VERNE,59260.0,LILLE,1859.1549295774648,"5 ALL JULES VERNE, 59260 LILLE",50.583826,3.0370055
125.0,4.0,Appartement,0,"2050000,00",19.0,RUE,NICOLAS LEBLANC,59000.0,LILLE,16400.0,"19 RUE NICOLAS LEBLANC, 59000 LILLE",50.6296357,3.0614472
80.0,4.0,Appartement,8,"350000,00",198.0,RUE,COLBERT,59800.0,LILLE,4375.0,"198 RUE COLBERT, 59800 LILLE",,
80.0,4.0,Appartement,1,"281400,00",18.0,RUE,DE THUMESNIL,59000.0,LILLE,3517.5,"18 RUE DE THUMESNIL, 59000 LILLE",50.6198982,3.0670166
107.0,4.0,Appartement,1,"270000,00",250.0,RUE,MADELEINE REBERIOUX,59000.0,LILLE,2523.3644859813085,"250 RUE MADELEINE REBERIOUX, 59000 LILLE",50.6267445,3.0801349
87.0,4.0,Appartement,1,"269700,00",50.0,RUE,DE L ALMA,59800.0,LILLE,3100.0,"50 RUE DE L ALMA, 59800 LILLE",,
140.0,4.0,Appartement,2,"312000,00",234.0,RUE,ROGER SALENGRO,59260.0,LILLE,2228.5714285714284,"234 RUE ROGER SALENGRO, 59260 LILLE",50.6096985,3.086928
97.0,4.0,Appartement,2,"520000,00",92.0,RUE,ROYALE,59800.0,LILLE,5360.8247422680415,"92 RUE ROYALE, 59800 LILLE",50.6424389,3.0562581
90.0,4.0,Appartement,2,"382000,00",6.0,RUE,HENRI LOYER,59800.0,LILLE,4244.444444444444,"6 RUE HENRI LOYER, 59800 LILLE",50.6274167,3.0422856
75.0,4.0,Appartement,1,"255000,00",153.0,RUE,DE LA BASSEE,59000.0,LILLE,3400.0,"153 RUE DE LA BASSEE, 59000 LILLE",50.6243912,3.0329847
141.0,4.0,Appartement,2,"691100,00",56.0,BD,DE LA LIBERTE,59800.0,LILLE,4901.418439716312,"56 BD DE LA LIBERTE, 59800 LILLE",,
79.0,4.0,Appartement,1,"266730,00",43.0,RUE,PASCAL,59800.0,LILLE,3376.3291139240505,"43 RUE PASCAL, 59800 LILLE",50.639505,3.0838198
70.0,4.0,Appartement,2,"263950,00",37.0,RUE,BONTE POLLET,59000.0,LILLE,3770.714285714286,"37 RUE BONTE POLLET, 59000 LILLE",50.6255394,3.0334052
86.0,4.0,Appartement,1,"259290,00",10.0,RUE,SAINT LUC,59800.0,LILLE,3015.0,"10 RUE SAINT LUC, 59800 LILLE",,
77.0,4.0,Appartement,0,"2155000,00",21.0,RUE,EUGENE JACQUET,59800.0,LILLE,27987.012987012986,"21 RUE EUGENE JACQUET, 59800 LILLE",50.6377779,3.081569
84.0,4.0,Appartement,0,"2155000,00",21.0,RUE,EUGENE JACQUET,59800.0,LILLE,25654.761904761905,"21 RUE EUGENE JACQUET, 59800 LILLE",,
84.0,4.0,Appartement,0,"2155000,00",21.0,RUE,EUGENE JACQUET,59800.0,LILLE,25654.761904761905,"21 RUE EUGENE JACQUET, 59800 LILLE",50.6377779,3.081569
84.0,4.0,Appartement,0,"2155000,00",21.0,RUE,EUGENE JACQUET,59800.0,LILLE,25654.761904761905,"21 RUE EUGENE JACQUET, 59800 LILLE",50.6377779,3.081569
84.0,4.0,Appartement,0,"2155000,00",21.0,RUE,EUGENE JACQUET,59800.0,LILLE,25654.761904761905,"21 RUE EUGENE JACQUET, 59800 LILLE",50.6377779,3.081569
94.0,4.0,Appartement,0,"2155000,00",21.0,RUE,EUGENE JACQUET,59800.0,LILLE,22925.531914893618,"21 RUE EUGENE JACQUET, 59800 LILLE",50.6377779,3.081569
84.0,4.0,Appartement,0,"2155000,00",21.0,RUE,EUGENE JACQUET,59800.0,LILLE,25654.761904761905,"21 RUE EUGENE JACQUET, 59800 LILLE",50.6377779,3.081569
84.0,4.0,Appartement,0,"2155000,00",21.0,RUE,EUGENE JACQUET,59800.0,LILLE,25654.761904761905,"21 RUE EUGENE JACQUET, 59800 LILLE",50.6377779,3.081569
76.0,4.0,Appartement,2,"276000,00",20.0,RUE,EMILE DESMET,59800.0,LILLE,3631.5789473684213,"20 RUE EMILE DESMET, 59800 LILLE",50.6264864,3.0452941
120.0,4.0,Appartement,4,"735800,00",40.0,RUE,VOLTAIRE,59800.0,LILLE,6131.666666666667,"40 RUE VOLTAIRE, 59800 LILLE",50.6431258,3.0562038
82.0,4.0,Appartement,1,"204000,00",9001.0,RES,LA HOUBLONNIERE,59160.0,LILLE,2487.8048780487807,"9001 RES LA HOUBLONNIERE, 59160 LILLE",,
82.0,4.0,Appartement,1,"325000,00",9.0,RUE,BRULE MAISON,59000.0,LILLE,3963.4146341463415,"9 RUE BRULE MAISON, 59000 LILLE",50.6260908,3.0570207
56.0,4.0,Appartement,0,"170000,00",37.0,RUE,MALESHERBES,59800.0,LILLE,3035.714285714286,"37 RUE MALESHERBES, 59800 LILLE",50.624127,3.0915921
83.0,4.0,Appartement,1,"219500,00",36.0,RUE,ROGER SALENGRO,59260.0,LILLE,2644.578313253012,"36 RUE ROGER SALENGRO, 59260 LILLE",50.6293788,3.1009692
145.0,4.0,Appartement,2,"857700,00",17.0,RUE,FAIDHERBE,59800.0,LILLE,5915.172413793103,"17 RUE FAIDHERBE, 59800 LILLE",50.6371008,3.066394
80.0,4.0,Appartement,1,"189090,00",66.0,RUE,BAYARD,59000.0,LILLE,2363.625,"66 RUE BAYARD, 59000 LILLE",50.6189422,3.0541706
116.0,4.0,Appartement,1,"461000,00",65.0,RUE,ESQUERMOISE,59800.0,LILLE,3974.137931034483,"65 RUE ESQUERMOISE, 59800 LILLE",50.6382618,3.0606165
83.0,4.0,Appartement,2,"270000,00",83.0,BD,DE LA MOSELLE,59000.0,LILLE,3253.012048192771,"83 BD DE LA MOSELLE, 59000 LILLE",,
85.0,4.0,Appartement,2,"192170,00",2.0,RUE,DE L ORPHELINAT,59000.0,LILLE,2260.823529411765,"2 RUE DE L ORPHELINAT, 59000 LILLE",50.6221277,3.032695
79.0,4.0,Appartement,5,"415000,00",6.0,SQ,RAMEAU,59800.0,LILLE,5253.164556962025,"6 SQ RAMEAU, 59800 LILLE",50.6337481,3.0506375
99.0,4.0,Appartement,2,"520040,00",41.0,RUE,DES ARTS,59800.0,LILLE,5252.929292929293,"41 RUE DES ARTS, 59800 LILLE",50.6390043,3.0655831
80.0,4.0,Appartement,2,"425000,00",99.0,RUE,ROYALE,59800.0,LILLE,5312.5,"99 RUE ROYALE, 59800 LILLE",50.6433332,3.0553879
71.0,4.0,Appartement,2,"70000,00",25.0,RUE,EMILE DESMET,59800.0,LILLE,985.9154929577464,"25 RUE EMILE DESMET, 59800 LILLE",50.626596,3.0446886
85.0,4.0,Appartement,2,"299500,00",657.0,AV,DE LA REPUBLIQUE,59800.0,LILLE,3523.529411764706,"657 AV DE LA REPUBLIQUE, 59800 LILLE",,
84.0,4.0,Appartement,3,"226000,00",1.0,RUE,GIRAUD,59160.0,LILLE,2690.4761904761904,"1 RUE GIRAUD, 59160 LILLE",,
88.0,4.0,Appartement,2,"244000,00",104.0,ALL,GEORGE SAND,59000.0,LILLE,2772.7272727272725,"104 ALL GEORGE SAND, 59000 LILLE",50.6280117,3.0810995
82.0,4.0,Appartement,2,"380000,00",7.0,RUE,MOULIN DU BECQUET,59800.0,LILLE,4634.1463414634145,"7 RUE MOULIN DU BECQUET, 59800 LILLE",,
71.0,4.0,Appartement,2,"243000,00",25.0,RUE,EMILE DESMET,59800.0,LILLE,3422.5352112676055,"25 RUE EMILE DESMET, 59800 LILLE",50.626596,3.0446886
114.0,4.0,Appartement,2,"435000,00",33.0,BD,DE LA LIBERTE,59800.0,LILLE,3815.7894736842104,"33 BD DE LA LIBERTE, 59800 LILLE",,
85.0,4.0,Appartement,1,"290000,00",30.0,RUE,DE WAGRAM,59000.0,LILLE,3411.764705882353,"30 RUE DE WAGRAM, 59000 LILLE",50.6237447,3.0466717
86.0,4.0,Appartement,1,"295750,00",5.0,RUE,VICTOR SCHOELCHER,59160.0,LILLE,3438.953488372093,"5 RUE VICTOR SCHOELCHER, 59160 LILLE",50.612401,3.079725
149.0,4.0,Appartement,1,"600000,00",54.0,BD,JEAN BAPTISTE LEBAS,59000.0,LILLE,4026.8456375838928,"54 BD JEAN BAPTISTE LEBAS, 59000 LILLE",50.6254177,3.0682702
114.0,4.0,Appartement,2,"514918,25",33.0,BD,DE LA LIBERTE,59800.0,LILLE,4516.826754385965,"33 BD DE LA LIBERTE, 59800 LILLE",,
65.0,4.0,Appartement,2,"242000,00",27.0,RUE,JEANNE D ARC,59000.0,LILLE,3723.076923076923,"27 RUE JEANNE D ARC, 59000 LILLE",50.6265565,3.064637
91.0,4.0,Appartement,0,"4738000,00",35.0,RUE,DES ARTS,59800.0,LILLE,52065.93406593407,"35 RUE DES ARTS, 59800 LILLE",50.638653,3.0659591
91.0,4.0,Appartement,0,"4738000,00",35.0,RUE,DES ARTS,59800.0,LILLE,52065.93406593407,"35 RUE DES ARTS, 59800 LILLE",50.638653,3.0659591
91.0,4.0,Appartement,0,"4738000,00",35.0,RUE,DES ARTS,59800.0,LILLE,52065.93406593407,"35 RUE DES ARTS, 59800 LILLE",50.638653,3.0659591
91.0,4.0,Appartement,0,"4738000,00",35.0,RUE,DES ARTS,59800.0,LILLE,52065.93406593407,"35 RUE DES ARTS, 59800 LILLE",50.638653,3.0659591
91.0,4.0,Appartement,0,"4738000,00",35.0,RUE,DES ARTS,59800.0,LILLE,52065.93406593407,"35 RUE DES ARTS, 59800 LILLE",50.638653,3.0659591
97.0,4.0,Appartement,2,"278000,00",30.0,AV,EMILE ZOLA,59800.0,LILLE,2865.979381443299,"30 AV EMILE ZOLA, 59800 LILLE",,
81.0,4.0,Appartement,1,"233500,00",36.0,RUE,ROGER SALENGRO,59260.0,LILLE,2882.716049382716,"36 RUE ROGER SALENGRO, 59260 LILLE",50.6293788,3.1009692
86.0,4.0,Appartement,1,"279200,00",84.0,RUE,DE MARQUILLIES,59000.0,LILLE,3246.5116279069766,"84 RUE DE MARQUILLIES, 59000 LILLE",50.6147386,3.0532847
86.0,4.0,Appartement,1,"244450,00",160.0,RUE,DE L ESPERANCE,59800.0,LILLE,2842.4418604651164,"160 RUE DE L ESPERANCE, 59800 LILLE",,
100.0,4.0,Appartement,1,"364000,00",13.0,RUE,JEAN PROUVE,59000.0,LILLE,3640.0,"13 RUE JEAN PROUVE, 59000 LILLE",50.6246429,3.0810593
86.0,4.0,Appartement,2,"290000,00",10.0,RUE,SAINT LUC,59800.0,LILLE,3372.093023255814,"10 RUE SAINT LUC, 59800 LILLE",50.6440903,3.0919773
82.0,4.0,Appartement,2,"519331,00",20.0,RUE,THIERS,59800.0,LILLE,6333.304878048781,"20 RUE THIERS, 59800 LILLE",50.6380838,3.0589629
58.0,4.0,Appartement,3,"177000,00",19.0,RUE,LA FAYETTE,59800.0,LILLE,3051.7241379310344,"19 RUE LA FAYETTE, 59800 LILLE",,
74.0,4.0,Appartement,2,"283000,00",19.0,RUE,PAUL RAMADIER,59800.0,LILLE,3824.324324324324,"19 RUE PAUL RAMADIER, 59800 LILLE",50.6479016,3.0631087
116.0,4.0,Appartement,2,"615660,00",23.0,BD,DE LA LIBERTE,59800.0,LILLE,5307.413793103448,"23 BD DE LA LIBERTE, 59800 LILLE",,
120.0,4.0,Appartement,1,"447000,00",38.0,RUE,DES CANONNIERS,59800.0,LILLE,3725.0,"38 RUE DES CANONNIERS, 59800 LILLE",50.6403798,3.0691844
83.0,4.0,Appartement,2,"295000,00",139.0,RUE,DU BUISSON,59800.0,LILLE,3554.2168674698796,"139 RUE DU BUISSON, 59800 LILLE",,
82.0,4.0,Appartement,1,"202000,00",55.0,RUE,DE DOUAI,59000.0,LILLE,2463.4146341463415,"55 RUE DE DOUAI, 59000 LILLE",50.6228475,3.0709461
93.0,4.0,Appartement,2,"395000,00",4.0,RUE,VIRGINIE GHESQUIERE,59000.0,LILLE,4247.311827956989,"4 RUE VIRGINIE GHESQUIERE, 59000 LILLE",50.6862333,3.0432245
71.0,4.0,Appartement,2,"140000,00",2.0,ALL,ALBERT SAMAIN,59260.0,LILLE,1971.8309859154929,"2 ALL ALBERT SAMAIN, 59260 LILLE",50.6262267,3.1050666
95.0,4.0,Appartement,0,"370500,00",2.0,RUE,GOSSELET,59000.0,LILLE,3900.0,"2 RUE GOSSELET, 59000 LILLE",50.6260259,3.0650743
76.0,4.0,Appartement,2,"264450,00",49.0,RUE,BONTE POLLET,59000.0,LILLE,3479.6052631578946,"49 RUE BONTE POLLET, 59000 LILLE",50.6263234,3.0324894
108.0,4.0,Appartement,3,"331900,00",10.0,RUE,DE LA MITTERIE,59160.0,LILLE,3073.1481481481483,"10 RUE DE LA MITTERIE, 59160 LILLE",50.6467706,2.9875603
78.0,4.0,Appartement,1,"166320,00",66.0,RUE,BAYARD,59000.0,LILLE,2132.3076923076924,"66 RUE BAYARD, 59000 LILLE",,
98.0,4.0,Appartement,1,"380000,00",21.0,RUE,JEANNE MAILLOTTE,59800.0,LILLE,3877.5510204081634,"21 RUE JEANNE MAILLOTTE, 59800 LILLE",50.6318097,3.0638003
80.0,4.0,Appartement,2,"570000,00",20.0,BD,VAUBAN,59800.0,LILLE,7125.0,"20 BD VAUBAN, 59800 LILLE",,
86.0,4.0,Appartement,1,"176220,00",66.0,RUE,BAYARD,59000.0,LILLE,2049.0697674418607,"66 RUE BAYARD, 59000 LILLE",50.6189422,3.0541706
85.0,4.0,Appartement,2,"260000,00",2.0,RUE,DE L ORPHELINAT,59000.0,LILLE,3058.823529411765,"2 RUE DE L ORPHELINAT, 59000 LILLE",,
79.0,4.0,Appartement,1,"303200,00",7.0,RUE,DE BOULOGNE,59800.0,LILLE,3837.974683544304,"7 RUE DE BOULOGNE, 59800 LILLE",50.717228,3.152715
69.0,4.0,Appartement,3,"185000,00",28.0,RUE,DU BUISSON,59800.0,LILLE,2681.159420289855,"28 RUE DU BUISSON, 59800 LILLE",50.6494173,3.0870997
60.0,4.0,Appartement,1,"157000,00",272.0,RUE,ROGER SALENGRO,59260.0,LILLE,2616.6666666666665,"272 RUE ROGER SALENGRO, 59260 LILLE",,
120.0,4.0,Appartement,3,"490000,00",18.0,RUE,DE VALMY,59000.0,LILLE,4083.3333333333335,"18 RUE DE VALMY, 59000 LILLE",50.6305419,3.0649622
97.0,4.0,Appartement,1,"375850,00",35.0,RUE,DE L HOPITAL SAINT ROCH,59000.0,LILLE,3874.742268041237,"35 RUE DE L HOPITAL SAINT ROCH, 59000 LILLE",,
99.0,4.0,Appartement,1,"660340,00",39.0,RUE,DES PONTS DE COMINES,59800.0,LILLE,6670.10101010101,"39 RUE DES PONTS DE COMINES, 59800 LILLE",50.6375342,3.0679654
60.0,4.0,Appartement,3,"167000,00",19.0,RUE,LA FAYETTE,59800.0,LILLE,2783.3333333333335,"19 RUE LA FAYETTE, 59800 LILLE",,
77.0,4.0,Appartement,2,"290000,00",156.0,RUE,PIERRE MAUROY,59800.0,LILLE,3766.2337662337663,"156 RUE PIERRE MAUROY, 59800 LILLE",50.6331388,3.0678782
84.0,4.0,Appartement,1,"276000,00",105.0,RUE,MADELEINE REBERIOUX,59000.0,LILLE,3285.714285714286,"105 RUE MADELEINE REBERIOUX, 59000 LILLE",50.6279663,3.0797437
18.0,4.0,Appartement,0,"280000,00",27.0,RUE,D HAUBOURDIN,59000.0,LILLE,15555.555555555555,"27 RUE D HAUBOURDIN, 59000 LILLE",,
87.0,4.0,Appartement,1,"167310,00",66.0,RUE,BAYARD,59000.0,LILLE,1923.103448275862,"66 RUE BAYARD, 59000 LILLE",50.6189422,3.0541706
65.0,4.0,Appartement,2,"128000,00",597.0,AV,DE DUNKERQUE LOMME,59160.0,LILLE,1969.2307692307693,"597 AV DE DUNKERQUE LOMME, 59160 LILLE",50.6472027,3.0030003
95.0,4.0,Appartement,2,"230000,00",630.0,AV,DE LA REPUBLIQUE,59800.0,LILLE,2421.0526315789475,"630 AV DE LA REPUBLIQUE, 59800 LILLE",,
76.0,4.0,Appartement,1,"176220,00",108.0,RUE,BAYARD,59000.0,LILLE,2318.684210526316,"108 RUE BAYARD, 59000 LILLE",50.6185761,3.054119
92.0,4.0,Appartement,1,"265000,00",76.0,RUE,MARGUERITE YOURCENAR,59000.0,LILLE,2880.4347826086955,"76 RUE MARGUERITE YOURCENAR, 59000 LILLE",50.6284738,3.0804553
84.0,4.0,Appartement,1,"226800,00",53.0,RUE,ROGER SALENGRO,59260.0,LILLE,2700.0,"53 RUE ROGER SALENGRO, 59260 LILLE",,
85.0,4.0,Appartement,2,"266000,00",12.0,RUE,ALEXANDRE DESROUSSEAUX,59800.0,LILLE,3129.4117647058824,"12 RUE ALEXANDRE DESROUSSEAUX, 59800 LILLE",,
95.0,4.0,Appartement,2,"286000,00",630.0,AV,DE LA REPUBLIQUE,59800.0,LILLE,3010.5263157894738,"630 AV DE LA REPUBLIQUE, 59800 LILLE",50.6540891,3.0853826
109.0,4.0,Appartement,1,"550000,00",100.0,RUE,JACQUEMARS GIELEE,59800.0,LILLE,5045.871559633028,"100 RUE JACQUEMARS GIELEE, 59800 LILLE",50.635142,3.0528516
45.0,4.0,Appartement,0,"270000,00",60.0,RUE,DE BAPAUME,59000.0,LILLE,6000.0,"60 RUE DE BAPAUME, 59000 LILLE",50.618703,3.0593233
89.0,4.0,Appartement,1,"266000,00",100.0,AV,GASTON BERGER,59000.0,LILLE,2988.7640449438204,"100 AV GASTON BERGER, 59000 LILLE",,
76.0,4.0,Appartement,2,"171000,00",3.0,RUE,MATTEOTTI,59800.0,LILLE,2250.0,"3 RUE MATTEOTTI, 59800 LILLE",50.60651,3.0839735
95.0,4.0,Appartement,1,"286000,00",65.0,RUE,PRINCESSE,59800.0,LILLE,3010.5263157894738,"65 RUE PRINCESSE, 59800 LILLE",50.6449212,3.0552331
71.0,4.0,Appartement,2,"214000,00",35.0,RUE,BONTE POLLET,59000.0,LILLE,3014.0845070422533,"35 RUE BONTE POLLET, 59000 LILLE",,
115.0,4.0,Appartement,2,"870000,00",35.0,PL,LOUISE DE BETTIGNIES,59800.0,LILLE,7565.217391304348,"35 PL LOUISE DE BETTIGNIES, 59800 LILLE",50.6417039,3.0649814
96.0,4.0,Appartement,2,"184570,00",89.0,RUE,DU MARAIS,59160.0,LILLE,1922.6041666666667,"89 RUE DU MARAIS, 59160 LILLE",,
80.0,4.0,Appartement,1,"293000,00",106.0,RUE,DU MARAIS DE LOMME,59000.0,LILLE,3662.5,"106 RUE DU MARAIS DE LOMME, 59000 LILLE",50.6359192,3.019022
83.0,4.0,Appartement,1,"135000,00",149.0,RUE,ANATOLE DE LA FORGE,59800.0,LILLE,1626.5060240963855,"149 RUE ANATOLE DE LA FORGE, 59800 LILLE",,
101.0,4.0,Appartement,1,"492400,00",104.0,RUE,SAINT ANDRE,59800.0,LILLE,4875.247524752475,"104 RUE SAINT ANDRE, 59800 LILLE",50.6456062,3.056338
60.0,4.0,Appartement,2,"169700,00",23.0,BD,D ALSACE,59000.0,LILLE,2828.3333333333335,"23 BD D ALSACE, 59000 LILLE",,
81.0,4.0,Appartement,1,"255837,50",1.0,RUE,EMILE ROUZE,59000.0,LILLE,3158.4876543209875,"1 RUE EMILE ROUZE, 59000 LILLE",50.6147454,3.0507429
80.0,4.0,Appartement,0,"650000,00",116.0,RUE,LEON GAMBETTA,59000.0,LILLE,8125.0,"116 RUE LEON GAMBETTA, 59000 LILLE",,
86.0,4.0,Appartement,2,"250000,00",2.0,RUE,DE L ORPHELINAT,59000.0,LILLE,2906.9767441860463,"2 RUE DE L ORPHELINAT, 59000 LILLE",50.6221277,3.032695
67.0,4.0,Appartement,2,"207000,00",51.0,AV,EMILE ZOLA,59800.0,LILLE,3089.5522388059703,"51 AV EMILE ZOLA, 59800 LILLE",50.6510205,3.0835297
115.0,4.0,Appartement,2,"570000,00",177.0,RUE,NATIONALE,59800.0,LILLE,4956.521739130435,"177 RUE NATIONALE, 59800 LILLE",50.6323761,3.0518843
94.0,4.0,Appartement,1,"285200,00",3.0,RUE,JEAN WALTER,59000.0,LILLE,3034.0425531914893,"3 RUE JEAN WALTER, 59000 LILLE",50.6124048,3.0390076
92.0,4.0,Appartement,1,"225844,27",216.0,RUE,DES BOIS BLANCS,59000.0,LILLE,2454.8290217391304,"216 RUE DES BOIS BLANCS, 59000 LILLE",50.6312665,3.0258705
109.0,4.0,Appartement,2,"590400,00",1.0,BD,DE LA LIBERTE,59800.0,LILLE,5416.51376146789,"1 BD DE LA LIBERTE, 59800 LILLE",,
87.0,4.0,Appartement,1,"226885,00",5.0,RUE,DE CANNES,59000.0,LILLE,2607.8735632183907,"5 RUE DE CANNES, 59000 LILLE",50.6071857,3.0448285
71.0,4.0,Appartement,2,"196750,00",35.0,RUE,BONTE POLLET,59000.0,LILLE,2771.1267605633802,"35 RUE BONTE POLLET, 59000 LILLE",50.6254852,3.0334642
110.0,4.0,Appartement,1,"476900,00",12.0,RUE,JEAN JACQUES ROUSSEAU,59800.0,LILLE,4335.454545454545,"12 RUE JEAN JACQUES ROUSSEAU, 59800 LILLE",,
96.0,4.0,Appartement,2,"240000,00",89.0,RUE,DU MARAIS,59160.0,LILLE,2500.0,"89 RUE DU MARAIS, 59160 LILLE",50.5389109,2.9439219
67.0,4.0,Appartement,3,"211000,00",2.0,RUE,VANTROYEN,59800.0,LILLE,3149.2537313432836,"2 RUE VANTROYEN, 59800 LILLE",50.6376121,3.0845127
60.0,4.0,Appartement,2,"125000,00",22.0,RUE,LEO LAGRANGE LOMME,59160.0,LILLE,2083.3333333333335,"22 RUE LEO LAGRANGE LOMME, 59160 LILLE",,
110.0,4.0,Appartement,2,"432000,00",15.0,RUE,DE THIONVILLE,59800.0,LILLE,3927.2727272727275,"15 RUE DE THIONVILLE, 59800 LILLE",50.6435322,3.0654025
85.0,4.0,Appartement,2,"310000,00",13.0,RUE,DES BOUCHERS,59800.0,LILLE,3647.0588235294117,"13 RUE DES BOUCHERS, 59800 LILLE",50.6383732,3.0584273
55.0,4.0,Appartement,1,"283125,00",77.0,RUE,SAINTE CATHERINE,59800.0,LILLE,5147.727272727273,"77 RUE SAINTE CATHERINE, 59800 LILLE",,
170.0,4.0,Appartement,2,"535000,00",95.0,RUE,DE DOUAI,59000.0,LILLE,3147.0588235294117,"95 RUE DE DOUAI, 59000 LILLE",50.6216853,3.0723504
102.0,4.0,Appartement,2,"564000,00",7.0,AV,FOCH,59800.0,LILLE,5529.411764705882,"7 AV FOCH, 59800 LILLE",,
77.0,4.0,Appartement,2,"240000,00",166.0,RUE,DE LA MARBRERIE,59800.0,LILLE,3116.883116883117,"166 RUE DE LA MARBRERIE, 59800 LILLE",50.6315352,3.0978109
100.0,4.0,Appartement,2,"320000,00",82.0,RUE,COLBERT,59800.0,LILLE,3200.0,"82 RUE COLBERT, 59800 LILLE",50.629397,3.0458495
75.0,4.0,Appartement,0,"2500000,00",18.0,RUE,LEONARD DANEL,59800.0,LILLE,33333.333333333336,"18 RUE LEONARD DANEL, 59800 LILLE",50.6399983,3.0565788
86.0,4.0,Appartement,0,"260000,00",1.0,RUE,DES TOURS,59800.0,LILLE,3023.2558139534885,"1 RUE DES TOURS, 59800 LILLE",,
90.0,4.0,Appartement,2,"285360,00",17.0,RUE,BOURIGNON,59000.0,LILLE,3170.6666666666665,"17 RUE BOURIGNON, 59000 LILLE",50.6237383,3.0570129
65.0,4.0,Appartement,2,"166000,00",583.0,AV,DE DUNKERQUE LOMME,59160.0,LILLE,2553.846153846154,"583 AV DE DUNKERQUE LOMME, 59160 LILLE",,
110.0,4.0,Appartement,0,"680000,00",93.0,RUE,DU DOCTEUR JENNER,59800.0,LILLE,6181.818181818182,"93 RUE DU DOCTEUR JENNER, 59800 LILLE",50.6374334,3.0906749
98.0,4.0,Appartement,1,"256514,00",68.0,AV,GASTON BERGER,59000.0,LILLE,2617.4897959183672,"68 AV GASTON BERGER, 59000 LILLE",,
65.0,4.0,Appartement,2,"163000,00",593.0,AV,DE DUNKERQUE LOMME,59160.0,LILLE,2507.6923076923076,"593 AV DE DUNKERQUE LOMME, 59160 LILLE",50.6472027,3.0030003
91.0,4.0,Appartement,1,"441100,00",31.0,RUE,PRINCESSE,59800.0,LILLE,4847.252747252747,"31 RUE PRINCESSE, 59800 LILLE",50.6454803,3.0570584
102.0,4.0,Appartement,3,"559000,00",122.0,RUE,NATIONALE,59800.0,LILLE,5480.392156862745,"122 RUE NATIONALE, 59800 LILLE",,
90.0,4.0,Appartement,2,"150000,00",228.0,RUE,NATIONALE,59800.0,LILLE,1666.6666666666667,"228 RUE NATIONALE, 59800 LILLE",50.6314515,3.0491443
66.0,4.0,Appartement,0,"226000,00",97.0,BD,DE STRASBOURG,59000.0,LILLE,3424.242424242424,"97 BD DE STRASBOURG, 59000 LILLE",50.617861,3.0597114
85.0,4.0,Appartement,2,"260000,00",58.0,AV,DU PRESIDENT KENNEDY,59800.0,LILLE,3058.823529411765,"58 AV DU PRESIDENT KENNEDY, 59800 LILLE",50.6513608,3.0118016
110.0,4.0,Appartement,2,"258000,00",15.0,BD,BIGO DANEL,59000.0,LILLE,2345.4545454545455,"15 BD BIGO DANEL, 59000 LILLE",50.6272865,3.0416378
110.0,4.0,Appartement,2,"530000,00",45.0,RUE,PATOU,59800.0,LILLE,4818.181818181818,"45 RUE PATOU, 59800 LILLE",50.6346839,3.05046
100.0,4.0,Appartement,2,"480000,00",27.0,RUE,DE WEPPES,59800.0,LILLE,4800.0,"27 RUE DE WEPPES, 59800 LILLE",,
106.0,4.0,Appartement,1,"375000,00",40.0,RUE,SAINTE CATHERINE,59800.0,LILLE,3537.735849056604,"40 RUE SAINTE CATHERINE, 59800 LILLE",50.6404555,3.0555942
81.0,4.0,Appartement,1,"1,00",,PL,DE LA MEDITERRANEE,59000.0,LILLE,0.012345679012345678,"0 PL DE LA MEDITERRANEE, 59000 LILLE",50.6130213,3.0518953
48.0,4.0,Appartement,0,"430000,00",10.0,PL,DELIOT,59000.0,LILLE,8958.333333333334,"10 PL DELIOT, 59000 LILLE",,
180.0,4.0,Appartement,2,"432395,00",98.0,RUE,DU MARCHE,59000.0,LILLE,2402.1944444444443,"98 RUE DU MARCHE, 59000 LILLE",50.6238198,3.0534563
71.0,4.0,Appartement,2,"243450,00",21.0,AV,DU PRESIDENT KENNEDY,59800.0,LILLE,3428.8732394366198,"21 AV DU PRESIDENT KENNEDY, 59800 LILLE",50.6436547,3.1079716
84.0,4.0,Appartement,1,"465000,00",67.0,AV,DU PEUPLE BELGE,59800.0,LILLE,5535.714285714285,"67 AV DU PEUPLE BELGE, 59800 LILLE",50.6464198,3.0610878
80.0,4.0,Appartement,1,"214500,00",53.0,RUE,ROGER SALENGRO,59260.0,LILLE,2681.25,"53 RUE ROGER SALENGRO, 59260 LILLE",50.6356779,3.100953
99.0,4.0,Appartement,2,"470000,00",94.0,RUE,ALPHONSE MERCIER,59800.0,LILLE,4747.474747474747,"94 RUE ALPHONSE MERCIER, 59800 LILLE",50.6293816,3.0536774
71.0,4.0,Appartement,1,"262000,00",21.0,AV,DU PRESIDENT KENNEDY,59800.0,LILLE,3690.1408450704225,"21 AV DU PRESIDENT KENNEDY, 59800 LILLE",,
80.0,4.0,Appartement,1,"284890,00",272.0,ALL,COIGNET,59000.0,LILLE,3561.125,"272 ALL COIGNET, 59000 LILLE",50.630943,3.0239904
87.0,4.0,Appartement,4,"205000,00",13.0,RUE,JEAN JAURES HELLEMMES,59260.0,LILLE,2356.32183908046,"13 RUE JEAN JAURES HELLEMMES, 59260 LILLE",,
113.0,4.0,Appartement,2,"385000,00",22.0,AV,EMILE ZOLA,59800.0,LILLE,3407.079646017699,"22 AV EMILE ZOLA, 59800 LILLE",50.6497912,3.0850058
77.0,4.0,Appartement,1,"963646,00",19.0,RUE,DOUDIN,59800.0,LILLE,12514.883116883117,"19 RUE DOUDIN, 59800 LILLE",50.6399107,3.0591727
90.0,4.0,Appartement,0,"700000,00",175.0,RUE,COLBERT,59800.0,LILLE,7777.777777777777,"175 RUE COLBERT, 59800 LILLE",,
115.0,4.0,Appartement,2,"600170,00",33.0,RUE,BASTION SAINT ANDRE,59800.0,LILLE,5218.869565217391,"33 RUE BASTION SAINT ANDRE, 59800 LILLE",50.6485529,3.0567215
78.0,4.0,Appartement,1,"255837,50",1.0,RUE,EMILE ROUZE,59000.0,LILLE,3279.9679487179487,"1 RUE EMILE ROUZE, 59000 LILLE",50.614776,3.0508109
84.0,4.0,Appartement,1,"263600,00",579.0,AV,DU PRESIDENT HOOVER,59800.0,LILLE,3138.095238095238,"579 AV DU PRESIDENT HOOVER, 59800 LILLE",,
90.0,4.0,Appartement,1,"341420,00",4.0,RUE,DU CHEVALIER FRANCAIS,59800.0,LILLE,3793.5555555555557,"4 RUE DU CHEVALIER FRANCAIS, 59800 LILLE",50.642909,3.0874262
72.0,4.0,Appartement,1,"270000,00",33.0,RUE,DE DOUAI,59000.0,LILLE,3750.0,"33 RUE DE DOUAI, 59000 LILLE",50.623487,3.0696958
87.0,4.0,Appartement,2,"235000,00",20.0,AV,DU PRESIDENT HOOVER,59800.0,LILLE,2701.1494252873563,"20 AV DU PRESIDENT HOOVER, 59800 LILLE",50.6282117,3.0780104
84.0,4.0,Appartement,1,"284500,00",55.0,BD,DE VERDUN,59000.0,LILLE,3386.904761904762,"55 BD DE VERDUN, 59000 LILLE",,
77.0,4.0,Appartement,2,"337500,00",156.0,RUE,PIERRE MAUROY,59800.0,LILLE,4383.116883116883,"156 RUE PIERRE MAUROY, 59800 LILLE",50.6331388,3.0678782
90.0,4.0,Appartement,1,"282000,00",12.0,RUE,FOURIER,59000.0,LILLE,3133.3333333333335,"12 RUE FOURIER, 59000 LILLE",,
68.0,4.0,Appartement,2,"172000,00",7.0,RUE,ALLARD DUGAUQUIER,59800.0,LILLE,2529.4117647058824,"7 RUE ALLARD DUGAUQUIER, 59800 LILLE",50.6385003,3.0879744
142.0,4.0,Appartement,0,"1200000,00",2.0,PL,DU MARECHAL LECLERC,59800.0,LILLE,8450.704225352112,"2 PL DU MARECHAL LECLERC, 59800 LILLE",,
86.0,4.0,Appartement,2,"246600,00",2.0,RUE,DE L ORPHELINAT,59000.0,LILLE,2867.4418604651164,"2 RUE DE L ORPHELINAT, 59000 LILLE",50.6221277,3.032695
65.0,4.0,Appartement,2,"125000,00",12.0,RUE,MAURICE BERTEAUX,59260.0,LILLE,1923.076923076923,"12 RUE MAURICE BERTEAUX, 59260 LILLE",50.6237607,3.1002374
67.0,4.0,Appartement,2,"250000,00",72.0,,FACADE DE L ESPLANADE,59800.0,LILLE,3731.3432835820895,"72 RUE FACADE DE L ESPLANADE, 59800 LILLE",,
113.0,4.0,Appartement,3,"840346,00",17.0,RUE,DE ROUBAIX,59800.0,LILLE,7436.690265486725,"17 RUE DE ROUBAIX, 59800 LILLE",50.6381239,3.0681325
107.0,4.0,Appartement,1,"375000,00",47.0,RUE,JEAN PROUVE,59000.0,LILLE,3504.6728971962616,"47 RUE JEAN PROUVE, 59000 LILLE",,
83.0,4.0,Appartement,1,"273000,00",579.0,AV,DU PRESIDENT HOOVER,59800.0,LILLE,3289.156626506024,"579 AV DU PRESIDENT HOOVER, 59800 LILLE",50.6264671,3.0800906
70.0,4.0,Appartement,0,"259900,00",2.0,RUE,DU LIEUTENANT PRINCETEAU,59800.0,LILLE,3712.8571428571427,"2 RUE DU LIEUTENANT PRINCETEAU, 59800 LILLE",,
101.0,4.0,Appartement,3,"148000,00",404.0,RUE,DE L ARBRISSEAU,59000.0,LILLE,1465.3465346534654,"404 RUE DE L ARBRISSEAU, 59000 LILLE",,
85.0,4.0,Appartement,1,"278000,00",140.0,RUE,SAINT DRUON,59800.0,LILLE,3270.5882352941176,"140 RUE SAINT DRUON, 59800 LILLE",50.6435458,3.0916267
77.0,4.0,Appartement,1,"1,00",1.0,RUE,EMILE ROUZE,59000.0,LILLE,0.012987012987012988,"1 RUE EMILE ROUZE, 59000 LILLE",50.614776,3.0508109
74.0,4.0,Appartement,1,"1,00",1.0,RUE,EMILE ROUZE,59000.0,LILLE,0.013513513513513514,"1 RUE EMILE ROUZE, 59000 LILLE",50.614776,3.0508109
76.0,4.0,Appartement,1,"1,00",1.0,RUE,EMILE ROUZE,59000.0,LILLE,0.013157894736842105,"1 RUE EMILE ROUZE, 59000 LILLE",50.614776,3.0508109
76.0,4.0,Appartement,1,"1,00",1.0,RUE,EMILE ROUZE,59000.0,LILLE,0.013157894736842105,"1 RUE EMILE ROUZE, 59000 LILLE",50.614776,3.0508109
86.0,4.0,Appartement,1,"1,00",1.0,RUE,EMILE ROUZE,59000.0,LILLE,0.011627906976744186,"1 RUE EMILE ROUZE, 59000 LILLE",50.614776,3.0508109
86.0,4.0,Appartement,1,"1,00",1.0,RUE,EMILE ROUZE,59000.0,LILLE,0.011627906976744186,"1 RUE EMILE ROUZE, 59000 LILLE",50.614776,3.0508109
87.0,4.0,Appartement,1,"1,00",1.0,RUE,EMILE ROUZE,59000.0,LILLE,0.011494252873563218,"1 RUE EMILE ROUZE, 59000 LILLE",50.614776,3.0508109
182.0,4.0,Appartement,1,"345800,00",38.0,RUE,DU FBG DE BETHUNE,59000.0,LILLE,1900.0,"38 RUE DU FBG DE BETHUNE, 59000 LILLE",,
92.0,4.0,Appartement,1,"386650,00",3.0,AV,SALOMON,59800.0,LILLE,4202.717391304348,"3 AV SALOMON, 59800 LILLE",50.6483268,3.0852156
115.0,4.0,Appartement,0,"443650,00",35.0,RUE,VANTROYEN,59800.0,LILLE,3857.8260869565215,"35 RUE VANTROYEN, 59800 LILLE",50.6383345,3.0843319
49.0,4.0,Appartement,2,"161000,00",8.0,RUE,FULTON,59000.0,LILLE,3285.714285714286,"8 RUE FULTON, 59000 LILLE",50.6223612,3.0383289
95.0,4.0,Appartement,1,"286450,00",83.0,RUE,DES CHAUDRONNIERS,59800.0,LILLE,3015.2631578947367,"83 RUE DES CHAUDRONNIERS, 59800 LILLE",50.6267798,3.0914306
83.0,4.0,Appartement,1,"137500,00",83.0,RUE,DE RIVOLI,59800.0,LILLE,1656.6265060240964,"83 RUE DE RIVOLI, 59800 LILLE",,
84.0,4.0,Appartement,1,"230652,27",32.0,RUE,DU PONT A FOURCHON,59000.0,LILLE,2745.860357142857,"32 RUE DU PONT A FOURCHON, 59000 LILLE",50.6291942,3.0246335
90.0,4.0,Appartement,2,"413850,00",260.0,RUE,DE SOLFERINO,59000.0,LILLE,4598.333333333333,"260 RUE DE SOLFERINO, 59000 LILLE",,
75.0,4.0,Appartement,1,"232190,00",100.0,AV,GASTON BERGER,59000.0,LILLE,3095.866666666667,"100 AV GASTON BERGER, 59000 LILLE",50.6139561,3.075151
102.0,4.0,Appartement,3,"385000,00",49.0,AV,EMILE ZOLA,59800.0,LILLE,3774.5098039215686,"49 AV EMILE ZOLA, 59800 LILLE",50.6504106,3.0844012
81.0,4.0,Appartement,2,"270000,00",81.0,RUE,D ATHENES,59777.0,LILLE,3333.3333333333335,"81 RUE D ATHENES, 59777 LILLE",50.6391053,3.0795285
77.0,4.0,Appartement,2,"208200,00",22.0,RUE,DE TREVISE,59000.0,LILLE,2703.896103896104,"22 RUE DE TREVISE, 59000 LILLE",50.6204951,3.0707049
92.0,4.0,Appartement,2,"240000,00",291.0,AV,DE DUNKERQUE LOMME,59160.0,LILLE,2608.695652173913,"291 AV DE DUNKERQUE LOMME, 59160 LILLE",50.6384361,3.0221246
53.0,4.0,Appartement,0,"460000,00",4.0,VC,DU VACHER,59800.0,LILLE,8679.245283018869,"4 VC DU VACHER, 59800 LILLE",,
110.0,4.0,Appartement,2,"345000,00",659.0,AV,DE LA REPUBLIQUE,59800.0,LILLE,3136.3636363636365,"659 AV DE LA REPUBLIQUE, 59800 LILLE",50.6554947,3.0864284
93.0,4.0,Appartement,2,"236000,00",4.0,RUE,MICHEL SERVET,59000.0,LILLE,2537.6344086021504,"4 RUE MICHEL SERVET, 59000 LILLE",50.6286587,3.0360116
84.0,4.0,Appartement,2,"186000,00",30.0,AV,DES SAULES,59160.0,LILLE,2214.285714285714,"30 AV DES SAULES, 59160 LILLE",,
127.0,4.0,Appartement,2,"525000,00",140.0,RUE,DU MOLINEL,59800.0,LILLE,4133.858267716535,"140 RUE DU MOLINEL, 59800 LILLE",50.6329334,3.0641997
81.0,4.0,Appartement,1,"180000,00",30.0,AV,DES SAULES,59160.0,LILLE,2222.222222222222,"30 AV DES SAULES, 59160 LILLE",,
78.0,4.0,Appartement,2,"215000,00",2.0,AV,ARCHITECTE CORDONNIER,59800.0,LILLE,2756.4102564102564,"2 AV ARCHITECTE CORDONNIER, 59800 LILLE",,
89.0,4.0,Appartement,2,"235000,00",166.0,RUE,DE LA MARBRERIE,59800.0,LILLE,2640.449438202247,"166 RUE DE LA MARBRERIE, 59800 LILLE",50.6315352,3.0978109
84.0,4.0,Appartement,1,"210300,00",166.0,RUE,DE LA MARBRERIE,59800.0,LILLE,2503.5714285714284,"166 RUE DE LA MARBRERIE, 59800 LILLE",50.6315352,3.0978109
77.0,4.0,Appartement,1,"295400,00",9.0,ALL,DES MOULINS,59000.0,LILLE,3836.3636363636365,"9 ALL DES MOULINS, 59000 LILLE",50.6237643,3.0725031
159.0,4.0,Appartement,1,"1008000,00",12.0,RUE,CHAMBRE DES COMPTES,59800.0,LILLE,6339.622641509434,"12 RUE CHAMBRE DES COMPTES, 59800 LILLE",,
106.0,4.0,Appartement,1,"430000,00",27.0,RUE,DE LA PLEIADE,59160.0,LILLE,4056.603773584906,"27 RUE DE LA PLEIADE, 59160 LILLE",50.6426107,2.9775019
99.0,4.0,Appartement,3,"312000,00",7.0,BD,MONTEBELLO,59000.0,LILLE,3151.5151515151515,"7 BD MONTEBELLO, 59000 LILLE",50.6257202,3.0412003
90.0,4.0,Appartement,2,"263900,00",173.0,AV,DE DUNKERQUE,59000.0,LILLE,2932.222222222222,"173 AV DE DUNKERQUE, 59000 LILLE",,
67.0,4.0,Appartement,2,"207000,00",28.0,RUE,DU BUISSON,59800.0,LILLE,3089.5522388059703,"28 RUE DU BUISSON, 59800 LILLE",50.6494173,3.0870997
72.0,4.0,Appartement,2,"185150,00",11.0,RUE,HENRI REGNAULT,59000.0,LILLE,2571.527777777778,"11 RUE HENRI REGNAULT, 59000 LILLE",50.6323443,3.0296312
75.0,4.0,Appartement,1,"304500,00",82.0,RUE,ALPHONSE MERCIER,59800.0,LILLE,4060.0,"82 RUE ALPHONSE MERCIER, 59800 LILLE",50.6296141,3.0534588
113.0,4.0,Appartement,4,"845400,00",39.0,AV,EMILE ZOLA,59800.0,LILLE,7481.41592920354,"39 AV EMILE ZOLA, 59800 LILLE",,
88.0,4.0,Appartement,1,"311000,00",1.0,RUE,EMILE ROUZE,59000.0,LILLE,3534.090909090909,"1 RUE EMILE ROUZE, 59000 LILLE",50.614776,3.0508109
91.0,4.0,Appartement,2,"390000,00",130.0,RUE,DU MOLINEL,59800.0,LILLE,4285.714285714285,"130 RUE DU MOLINEL, 59800 LILLE",50.6330893,3.0645254
71.0,4.0,Appartement,2,"284000,00",17.0,AV,DU PRESIDENT KENNEDY,59800.0,LILLE,4000.0,"17 AV DU PRESIDENT KENNEDY, 59800 LILLE",,
76.0,4.0,Appartement,2,"290200,00",7.0,RUE,DE LA PIQUERIE,59800.0,LILLE,3818.4210526315787,"7 RUE DE LA PIQUERIE, 59800 LILLE",50.6332423,3.0610429
100.0,4.0,Appartement,2,"269630,00",58.0,RUE,GUILLAUME WERNIERS,59800.0,LILLE,2696.3,"58 RUE GUILLAUME WERNIERS, 59800 LILLE",50.6343268,3.0871338
124.0,4.0,Appartement,1,"620000,00",25.0,RUE,SAINT SEBASTIEN,59800.0,LILLE,5000.0,"25 RUE SAINT SEBASTIEN, 59800 LILLE",,
52.0,4.0,Appartement,3,"138500,00",12.0,PL,VANHOENACKER,59000.0,LILLE,2663.4615384615386,"12 PL VANHOENACKER, 59000 LILLE",50.6200666,3.0640157
108.0,4.0,Appartement,3,"293000,00",16.0,RUE,DU CHEVALIER FRANCAIS,59800.0,LILLE,2712.962962962963,"16 RUE DU CHEVALIER FRANCAIS, 59800 LILLE",50.6439782,3.0873751
78.0,4.0,Appartement,2,"210000,00",10.0,AV,ARCHITECTE CORDONNIER,59800.0,LILLE,2692.3076923076924,"10 AV ARCHITECTE CORDONNIER, 59800 LILLE",,
67.0,4.0,Appartement,1,"280000,00",33.0,RUE,DE DOUAI,59000.0,LILLE,4179.104477611941,"33 RUE DE DOUAI, 59000 LILLE",50.623487,3.0696958
81.0,4.0,Appartement,1,"171270,00",31.0,RUE,SADI CARNOT,59160.0,LILLE,2114.4444444444443,"31 RUE SADI CARNOT, 59160 LILLE",50.611194,2.984567
160.0,4.0,Appartement,1,"649400,00",39.0,RUE,DES PONTS DE COMINES,59800.0,LILLE,4058.75,"39 RUE DES PONTS DE COMINES, 59800 LILLE",50.6375342,3.0679654
76.0,4.0,Appartement,2,"310000,00",1.0,BD,JEAN BAPTISTE LEBAS,59000.0,LILLE,4078.9473684210525,"1 BD JEAN BAPTISTE LEBAS, 59000 LILLE",,
138.0,4.0,Appartement,3,"418800,00",52.0,RUE,DU MOLINEL,59800.0,LILLE,3034.782608695652,"52 RUE DU MOLINEL, 59800 LILLE",50.6347213,3.0683801
91.0,4.0,Appartement,1,"228647,00",,RUE,GEORGES CLEMENCEAU,59000.0,LILLE,2512.6043956043954,"0 RUE GEORGES CLEMENCEAU, 59000 LILLE",,
87.0,4.0,Appartement,2,"295000,00",3.0,RUE,SAINT SAUVEUR,59800.0,LILLE,3390.8045977011493,"3 RUE SAINT SAUVEUR, 59800 LILLE",50.6331551,3.0707671
75.0,4.0,Appartement,1,"210000,00",250.0,RUE,MADELEINE REBERIOUX,59000.0,LILLE,2800.0,"250 RUE MADELEINE REBERIOUX, 59000 LILLE",50.6267445,3.0801349
85.0,4.0,Appartement,1,"220340,00",,RUE,GEORGES CLEMENCEAU,59000.0,LILLE,2592.235294117647,"0 RUE GEORGES CLEMENCEAU, 59000 LILLE",,
112.0,4.0,Appartement,2,"500000,00",7.0,RUE,GUSTAVE DELORY,59800.0,LILLE,4464.285714285715,"7 RUE GUSTAVE DELORY, 59800 LILLE",50.6335536,3.0674348
81.0,4.0,Appartement,1,"173250,00",30.0,AV,DES SAULES,59160.0,LILLE,2138.8888888888887,"30 AV DES SAULES, 59160 LILLE",,
103.0,4.0,Appartement,2,"381500,00",7.0,BD,LOUIS 14,59800.0,LILLE,3703.883495145631,"7 BD LOUIS 14, 59800 LILLE",,
117.0,4.0,Appartement,2,"627000,00",10.0,RUE,DES TANNEURS,59800.0,LILLE,5358.974358974359,"10 RUE DES TANNEURS, 59800 LILLE",50.6348166,3.0649066
78.0,4.0,Appartement,1,"174000,00",10.0,AV,ARCHITECTE CORDONNIER,59800.0,LILLE,2230.769230769231,"10 AV ARCHITECTE CORDONNIER, 59800 LILLE",,
